product_id,product_name,category,discounted_price,actual_price,discount_percentage,rating,rating_count,about_product,user_id,user_name,review_id,review_title,review_content,img_link,product_link,discount_amount,discount_ratio,price_bucket,main_category,popularity_score,weighted_rating,trust_score,value_score,segment,segment_name
B0BR4F878Q,"Swiffer Instant Electric Water Heater Faucet Tap Home-Kitchen Instantaneous Water Heater Tank less for Tap, LED Electric Head Water Heaters Tail Gallon Comfort(3000W) ((Pack of 1))","Home&Kitchen|Heating,Cooling&AirQuality|WaterHeaters&Geysers|InstantWaterHeaters",1439.0,1999.0,28,4.8,53803.0,"‚úîQuick Electric Hot Water Tap Heating tube: high-purity copper liner heating element Rated voltage: 220V/50HZ Rated Power: 3000W|‚úîWhen you receive Swiffer Water tankless instant electric tap water heater, please do not test it in your hands, you need install it well and then test, or it will be dangerous. Please operate it according to the instructions.|‚úîSupport and well-being of dual-use electric faucet, while heated, the water, the lower the temperature, whereas the smaller the flow, the higher the temperature.|‚úîPower unified are the 3000-watt, 5 seconds fast heat! Your hands won't feel cold when washing dishes or doing the laundry or washing vegetables. Of course, washing face and brushing teeth with warm water every morning are great enjoyments.|‚úîYour hands won't feel cold when washing dishes or doing the laundry. Of course,washing face and brushing teeth with warm water every morning are great enjoyments.|‚úîWhen you receive the water heater, please do not test it in your hands, you need install it well and then test, or it will be dangerous. Please operate it according to the instructions.|100% Brand New And High Quality ! Surface Treatment: Polished, Installation Type: Deck Mounted, Number of Handles: Single Handle|Temperature Mode of Water Heater - The tankless water heater electric heats the flow passing through it to a +60 degrees Celsius temperature. It takes at least 5 seconds to heat the water. The heated water temperature is from 30 to 40 degrees in winter and from 30 to 60 degrees in summer.","AEU7DVFEL43XZ6T4D572W2ZLBRKQ,AGWOH7CFDMUVW52NMZWQBKBNNQOA,AGZN422FGG7JO3T5YY6IVUELOODA","Yogita g.,Amazon Customer,Mimsy","R2WHW4PEF14WOD,R2DCCZWUGI0O0K,R1FA1HH6VL1RAL","Best Product,It‚Äôs expansive but it works well upto 800sqft area,Great product","Must buy best Fabulous product I recommend thisüëçüëç,For small place it‚Äôs gud,A great product. Works wonders on my vitrified tile floors.",https://m.media-amazon.com/images/I/41+t2HWvwFL._SY300_SX300_.jpg,https://www.amazon.in/Swiffer-Instant-Electric-Home-Kitchen-Instantaneous/dp/B0BR4F878Q/ref=sr_1_150?qid=1672923597&s=kitchen&sr=1-150,560.0,0.2801400700350175,High,Home&Kitchen,12.601030978539626,4.702291183040876,100.0,57.15394040500621,0,Best Deals
B01J1CFO5I,Redgear MP35 Speed-Type Gaming Mousepad (Black/Red),Computers&Accessories|Accessories&Peripherals|PCGamingPeripherals|Gamepads,299.0,550.0,46,4.6,33434.0,"Speed-type surface mousepad is designed with the use of great technology and craftsmanship especially for professional gamers. Non-slip rubber base|Mouse Mat Size: 350mm x 250mm x 4mm|Fit for all gaming mouse, regardless of sensitivity settings|Quick response for consistent in game control|Incredibly smooth and fast|Mouse moves quickly across the entire surface with zero hindrance|Suits gamers who need to hit targets faster and more efficiently","AG6LARJ3IHDAIRVVN6WW4Q6JTPJA,AGRR4GPFNWDS7BAR4XXDSLRWHS7Q,AENVIGC6PVWFL7WNAH2VXOSK5AQQ,AHIWMQ35DZ32I2NXFG3FZGQ5WUVA,AGJGE65PDHD3YRNJZX7AJC2OYYFQ,AFWQUAD7B6KQ6EMMOUGFBPXWFAYQ,AG6NHOI4HQRYJYKR7M2DERXZNMIA,AFW5XNPYWYUD54B4GHGBC7JTMYHQ","Jayaprakash,Keshav Rana,Mohit prime,Aman singh,Yogesh K.,Ngiantseng Thowmung,Akshaya Rao,Dinesh jumani","R3358EO9V9WHQ0,R18X1NBWPX45CL,R34LKJ4RXUSRS3,RXXQRRV1RLLF8,R2EEDDUJ9LA2DH,R3BA5G740XADYD,R2LB699Y251V7J,R2O7189IATRJH2","Good product,Good quality,Good,Great mouse pad,Good worth the money.,Works flawlessly for many years,Nice mouse pad,Quality","Quality of product is above average.,Good quality product,  little bigger than expected,  please check the size before buying.,Value for money but need to see it's durability, just got the item,https://m.media-amazon.com/images/W/WEBP_402378-T1/images/I/71YNj3dABEL._SY88.jpg,Its HUGE well at list i didn't think it be this big worth buying it, its durable and looks great.,Writing this review after 3 years of using almost every day, no tears or undoing of the stitching. Works as intended.,I bought this mouse pad 2 or 3 years before and it's really good. Had no issue while playing games. You can consider this movie pad if you want üëçüèª,Best quality... And size is also according to my need.. best product at this price",https://m.media-amazon.com/images/W/WEBP_402378-T1/images/I/41NYfAbBY2L._SX300_SY300_QL70_FMwebp_.jpg,https://www.amazon.in/Redgear-MP35-Speed-Type-Gaming-Mousepad/dp/B01J1CFO5I/ref=sr_1_257?qid=1672903007&s=computers&sr=1-257,251.0,0.45636363636363636,Low,Computers&Accessories,7.830471716010146,4.496250538002255,82.02746866729804,69.22828498099052,0,Best Deals
B095RTJH1M,Spigen EZ Fit Tempered Glass Screen Protector Guard for iPhone 14/13/13 Pro - 2 Pack,"Electronics|Mobiles&Accessories|MobileAccessories|Maintenance,Upkeep&Repairs|ScreenProtectors",999.0,2899.0,66,4.6,26603.0,Compatibility ; Glass Screen Protector Compatible with iPhone 14 / 13 / 13 Pro|9H Hardness ; Tempered glass durability rated at 9H hardness to protect from everyday scratches|Case friendly ; Made case compatible with Spigen case|Oil-free ; Oleophobic coating for daily fingerprint resistance|Edge to Edge Protection ; All-around adhesive covers the screen with no lifting,"AFDITJCB5D4EOPYZKGP5RGRJFVLA,AHFCEAPRZ44PZ2EVRAJ5SBCDGSBA,AFXDLSR7SKWLB4PKF5SSF5Q27WIQ,AHHBQDFH6KWPFVI3SBXHZNTYK3XQ,AFLRNKKT3DOOAGGWGYWTKEQMGZXA,AGYKT5FSJDBCXWNU74MA2M4OGXKA,AHPYSN2CUNOSXL6BZG6G2LFLV27A,AFJXJVGLO27UBT2KSFMXD2QDKGZA","Abdul Moiz,Rupesh Patil,Devashis,Amruth Ramesh,ALOK NATH,Santosh Bharathan,Hemant W,Abner F.","RE1RVB3YIBPKD,R41RLIIPI7UUH,R232FT7DXDWX1C,R1V3MB7YGA2UND,R2TELVLYX3JH8E,RKUQAQZUBEG5P,R14GNLBYKUA03S,R3KGBGD8RQ7BH7","Easy to install but a bit slippery,Very good product, value for money,Expensive but for a reason,Best Screen Protector!,Best tempered glass to buy for your mobile,Clarity and adhesion is good,Perfect product,Great product and genuinely easy to install","I used my 13 pro without a screen guard for a year now this screen guard was easy to apply but is a bit slippery and when you do the long press (ex. when you long press on WhatsApp for reaction or other options it automatically takes random press) also a bit shiny when you use it near lights.,Very good product, value for money,I have tried many screen guards and many types for my iphone 13This one takes the cake- The application was a smooth process- The screen guard is so smooth for some reason compared to ones i have used before- I have use many screen guards that say they don‚Äôt dont catch fingerprint but always end up. But this is does not catch fingerprint at allIf u pay 500 INr higher u will get the spigen ones which protects the front sensors tooHappy with my purchase and moving forward will be applying spigen screen guards for all my products,This is hands down THE BEST screen protector for iPhones. I got the iPhone 13 one and it‚Äôs excellent. So easy to install, anybody can do it! It‚Äôs so smooth and soft to touch and fits perfectly on my iPhone. Highly recommended. Maybe bit pricey but you get 2 in the box. Fingerprint free and smudge free.,Very nice product to buy.This tempered glass is easy to install no need to worry about airbubbles while installing tempered glass.it is very easy to install on any mobiles as it designed for.worth for your money.,The quality and adhesion is good. Instalation was pretty easy.What i would have liked1. Had it had a black bezel so it blends well with the phone so that no one could make out that a protective tempered glass is stuck.2. Had it also covered the front camera like the ESR protective glass does, it would have been better.3. Would have appreciated a price around 500, definitely overpriced.,Super easy to install. The screen guard got attached without any hassles and was perfect fit. The EZ fit tray works like magic.,I used this product for my iPhone 13 Pro with a peak design phone case. The quality of the screen protector is excellent and the engineering concept used for the installation is the best I‚Äôve ever seen. They even include useful tools and guidelines to minimise the possibility of error.",https://m.media-amazon.com/images/I/41Usew0lrWL._SX300_SY300_QL70_ML2_.jpg,https://www.amazon.in/Spigen-Tempered-Screen-Protector-iPhone/dp/B095RTJH1M/ref=sr_1_123?qid=1672895777&s=electronics&sr=1-123,1900.0,0.6553984132459468,Medium,Electronics,6.23060474549913,4.476163565678914,80.27532049579189,81.63504241753617,0,Best Deals
B00NH11KIK,"AmazonBasics USB 2.0 Cable - A-Male to B-Male - for Personal Computer, Printer- 6 Feet (1.8 Meters), Black",Computers&Accessories|Accessories&Peripherals|Cables&Accessories|Cables|USBCables,209.0,695.0,70,4.5,107687.0,"One 6-foot-long (1.8 meters) high-speed multi-shielded USB 2.0 A-Male to B-Male cable|Connects mice, keyboards and speed-critical devices, such as external hard drives, printers and cameras to your computer|Constructed with corrosion-resistant, gold-plated connectors for optimal signal clarity and shielding to minimize interference|Full 2.0 USB capability/480 Mbps transfer speed|1 year limited warranty","AEYHTCWWZYU3JQBU6SLNFFT3OMVQ,AENQPV63OVBZHJ7L7V37M2ADFY7Q,AH7J7BCTWAMK2REWT4AMA2V5DPUQ,AFZSC27UUKDN5VYQVMAPYZNQTULA,AHM56NVJXROPTI5WICZITI4YAZAA,AEWZZXQWEU2QSVBCT7AJQ3FXMZWA,AFBLTBDVC23HRPXW2OQ2JDV3BNNQ,AGCX23QVQFBCYCAUWQNM4YHMKMQA","Shiva,Uzef,kottala samuel,Renjith,Dhivakaran,Mark,Utkarsh Tripathi,Vijay Sreekantan","R2AE3BN2Y58N55,R6YVRITBSRECR,R232KD83Q3MVML,R23FRK2ABESQGU,R3NE24KAHO8M69,R2PZRPBF9ZAOMA,R1DC9VBYLSSEB,R2BBEAL7JZWXYR","Functionality as described,Working,Great USB in budget,Good,Good,It just works,Works with my Casio ct-x700 well,Still working after 3 months","Using it and satisfactory.,Working good also not so expensive,Using this for an audio transition from Yamaha mgxu20 sound mixer to the laptop for live purpose excellent quality.,Bought it before one and a half month.... Works well.. Satisfied...üôÇ,Good quality, and cheap price,Great for the price works with my usb mic fantastically well. Just I find the usb b side is a bit loose when compared to my original OEM cables.. I have ordered several pairs but all are same. At least for my mic. But it‚Äôs not too loose to be called unusable,Works with my Casio ct-x700 well,",https://m.media-amazon.com/images/I/4101vlzySzL._SY300_SX300_QL70_FMwebp_.jpg,https://www.amazon.in/AmazonBasics-USB-2-0-Cable-Male/dp/B00NH11KIK/ref=sr_1_44?qid=1672909125&s=electronics&sr=1-44,486.0,0.6992805755395683,Very Low,Computers&Accessories,25.221032711670293,4.469911350177256,79.7299516974109,84.59361677562309,0,Best Deals
B00NH11KIK,"AmazonBasics USB 2.0 Cable - A-Male to B-Male - for Personal Computer, Printer- 6 Feet (1.8 Meters), Black",Computers&Accessories|Accessories&Peripherals|Cables&Accessories|Cables|USBCables,209.0,695.0,70,4.5,107686.0,"One 6-foot-long (1.8 meters) high-speed multi-shielded USB 2.0 A-Male to B-Male cable|Connects mice, keyboards and speed-critical devices, such as external hard drives, printers and cameras to your computer|Constructed with corrosion-resistant, gold-plated connectors for optimal signal clarity and shielding to minimize interference|Full 2.0 USB capability/480 Mbps transfer speed|1 year limited warranty","AEYHTCWWZYU3JQBU6SLNFFT3OMVQ,AENQPV63OVBZHJ7L7V37M2ADFY7Q,AH7J7BCTWAMK2REWT4AMA2V5DPUQ,AFZSC27UUKDN5VYQVMAPYZNQTULA,AHM56NVJXROPTI5WICZITI4YAZAA,AEWZZXQWEU2QSVBCT7AJQ3FXMZWA,AFBLTBDVC23HRPXW2OQ2JDV3BNNQ,AGCX23QVQFBCYCAUWQNM4YHMKMQA","Shiva,Uzef,kottala samuel,Renjith,Dhivakaran,Mark,Utkarsh Tripathi,Vijay Sreekantan","R2AE3BN2Y58N55,R6YVRITBSRECR,R232KD83Q3MVML,R23FRK2ABESQGU,R3NE24KAHO8M69,R2PZRPBF9ZAOMA,R1DC9VBYLSSEB,R2BBEAL7JZWXYR","Functionality as described,Working,Great USB in budget,Good,Good,It just works,Works with my Casio ct-x700 well,Still working after 3 months","Using it and satisfactory.,Working good also not so expensive,Using this for an audio transition from Yamaha mgxu20 sound mixer to the laptop for live purpose excellent quality.,Bought it before one and a half month.... Works well.. Satisfied...üôÇ,Good quality, and cheap price,Great for the price works with my usb mic fantastically well. Just I find the usb b side is a bit loose when compared to my original OEM cables.. I have ordered several pairs but all are same. At least for my mic. But it‚Äôs not too loose to be called unusable,Works with my Casio ct-x700 well,",https://m.media-amazon.com/images/I/4101vlzySzL._SY300_SX300_QL70_FMwebp_.jpg,https://www.amazon.in/AmazonBasics-USB-2-0-Cable-Male/dp/B00NH11KIK/ref=sr_1_293?qid=1672903010&s=computers&sr=1-293,486.0,0.6992805755395683,Very Low,Computers&Accessories,25.220798504823488,4.469911091606396,79.72992914276942,84.59361677562309,0,Best Deals
B07G3YNLJB,Crucial BX500 240GB 3D NAND SATA 6.35 cm (2.5-inch) SSD (CT240BX500SSD1),Computers&Accessories|Components|InternalSolidStateDrives,1815.0,3100.0,41,4.5,92925.0,"240GB 2.5-inch internal SSD, SATA 6.0Gb/s, with blistering speeds of 540 MB/s Read, 500 MB/s Write.|Enjoy the efficiency of Next-Gen Micron 3D NAND: Crucial BX500 uses only a minimal amount of power and still delivers a high price-to-performance.|Upgrade to a drive you can count on: The Crucial BX500 has been thoroughly Tested, and Proven that, it secures your most important files on a drive with established dependability and the advanced features BX-series SSD's which is are known for.|Avoid unintended data loss when the power unexpectedly goes out. This built-in feature of our new NAND protects your data swiftly and efficiently, so if your system suddenly shuts down, you keep all your saved work.|Improves battery life because it‚Äôs 45x more energy efficient than a typical hard drive and it can operate in an input voltage of 4.5V.","AGHW3JDEF6JIRC4HB43UDMKOFXZQ,AF4N3Q6OEXVBSAHPK5NVJRGEZT5Q,AGM7YFUBLKUQPYVYZQDDPI3RXSZA,AHECHFXUUNHLH3RQ6ESN5GCUHGPQ,AGGTMAPT4WBWP2C62I6CGW22QNCA,AH42ECAG6LPCU22T5BYN5OXQO74A,AEYY76T7GEFE75ZEMXWPKW5H3LEQ,AF6SAPRZH3XU4YBLVMC6THTXAPCA","Shaikh Faisal,SISODIYA NANUBHAI,Aaryan Jagtap,Mr. Saddi,Arul,SOURAV DAS,Tejas,Bithika Paul","R34WAR6NQSVZBI,RGG00MCOD3B6A,R2RO4Z1CBF2G1I,R1BPV52HUSVZF8,R3IZK8U5HI1XOS,RE0OUI8Y9LSQY,R3IDL21XUYVUUK,R2YEAFFD5E02TL","Absolutely worth the price,Best product on low value, definitely gofor this,Works the way it says,Economical. Very light. Quite sleak. No good robust packing.,Good one!,The Best,As expected quality from a company like crucial. 4.5 Star Rating,Best in class ssd","After I changed from my slow 500gb HDD to this SSD feels like I was living in a stone age. My PC started to run as smoothly as I could have ever imagined. Although I am not a gamer but can differentiate the performance of my experience. One who wants to try out the SSD should have this one as the perfect choice,Confusing which one buying but after buying this one is best and speed up my pc. Packaging like no value for money box is band from corner,I found the start-up of the SSD slower , like if u turn on a pc the first thing that kicks in motherboard then GPU/ cup and right after that the SSD in this case i found the SSD took about 2 seconds and a delayed response to startup ,but when ever it didn't start it was quick , don't know probably an issue with my psu or something,Hands down, Go for it.Quite nice, sleek design.Build material is plastic.But one thing I found odd is that the HDD cover that when I put on it and when applied screws then the screws was very hard to put. Last holes were a little misaligned. But after a little bit of force it fits.,Bought this product in Nov 2022. Easy to install and the performance is good.,I installed into my 12yr old desktop, now my i3-540 is showing it's level best. Compared to my old HDD, it's superb to use.Go for it without any second thought.One suggestion, if just buying to boost performance and for desktop, go for 240GB version to keep the OS and keep the existing HDD as well attached as extended internal drive.,Used to upgrade the speed and performance of my old laptop. Works as expected,At first i would like to suggest to look for the rating of the seller selling electronic products, before ordering this i ordered a similiar product crucial ssd500gb but instead i got a toshiba hdd of 500 gb that too loaded with photo and word document of some guy. I contacted amazon and they refunded me right away. Then i placed this order after searching for rating of this seller, which i found legit.. The SSD is good, i installed it in my asus laptop, the laptop is running with 10gigs of ram, i3 gen8 processor, and this ssd, after installing it boot up within 20-30seconds, whereas my previous hdd takes nearly about 3-5minutes.",https://m.media-amazon.com/images/I/31foPNxmwsL._SX300_SY300_QL70_FMwebp_.jpg,https://www.amazon.in/Crucial-BX500-240GB-2-5-inch-CT240BX500SSD1/dp/B07G3YNLJB/ref=sr_1_247?qid=1672903007&s=computers&sr=1-247,1285.0,0.41451612903225804,High,Computers&Accessories,21.763671239165006,4.465539792223122,79.348629059401,65.2588710256334,0,Best Deals
B00NH13Q8W,"AmazonBasics USB 2.0 Extension Cable for Personal Computer, Printer, 2-Pack - A-Male to A-Female - 3.3 Feet (1 Meter, Black)",Computers&Accessories|Accessories&Peripherals|Cables&Accessories|Cables|USBCables,299.0,800.0,63,4.5,74977.0,"Two 3.3-feet (1.0 meter) USB 2.0 A-Male to A-Female high-speed extension cables|Extends your USB connection to your computer by 3.3 feet; for use with printers, cameras, mice, keyboards and other USB computer peripherals|Constructed with corrosion-resistant, gold-plated connectors for optimal signal clarity and shielding to minimize interference|Features shielding that provides protection against noise from electromagnetic and radio-frequency signals, keeping your signal clear with less loss of bandwidth for higher performance|Typically, the Male A connector plugs into your computer and the Female A connects to the cable you need extended","AGBX233C7B7D7YZEL7ZLFWMQKFDQ,AFKSU4D3IE4KNDBVVBEA3AHDD2YQ,AHJK4PVBRGDX4N5LYA4EKHULJOPQ,AFW6NV5N3FUXV3CNUACPSYC5AB3Q,AGOCMOZJWGI5VHFT2RZLTQFZLKPQ,AGX3GCRGFU4IHAJZRUP655EEGSQA,AEG5JOZOUBWEAZOGQQR6YDVPTL6A,AGUQYXAUPX5VOWYZTIWXMUIGVGCQ","Pravin Kumar,Maestrov,rag,Mukundha2good,Amazon_Shopper,Sonic,Pratap,Amazon Customer","R1C8MVU3EIX56Y,R10RUXC7JD5S4I,R1AFBZ5PYTHO1Z,R3GQL7YKAFJMEN,R3B6H5JPG134KN,RUG04XHXRXK95,R2Q1OYOIJI5673,RJX2WGB0X99SY","Nice,good,Paisa vassol,Sturdy and long.,Good for the price and great quality.,Works as expected,Good,Good","Sufficient length,excellent build quality ,good alternative to generic cables,Strong cable, the cable ends are nearly like rubber. GOLD coated. Cable is also of high thickness.,Why I bought this ?I have DVR rack, for DVR which is far above the reach limit hence I need a mouse to be connected to the USB port of the DVR which is in the rack above reachAny alternatives?Wireless mouse didn't work well with my particular DVR, had lots of lag,  hence I had to resort to a USB port extender with ample lengthResult :Very sturdy cable able to connect to my DVR and connection is stable .Amazon basics is very reliable.,This cable is good for any device that needs extension over USB 2.0 like printers, TVs, gaming consoles, keyboards etc.The build quality is good. Cable material is soft so it will not break. Connectors are gold plated and will not rust.But remember, this cable will not give USB 3.0 speeds even if you connect it to a USB 3.0 port.,For Usb 2.0 , any usb 3.0 if used will behave as usb 2.0Type: ADirection: female to maleFunction: extension of length of usbBuilt: average  not cloth/fibre braiderLength: as mentionedWorks for all connections: yes [including pc\printer\console pen drive etc ],Product is as per description,Good as expected.",https://m.media-amazon.com/images/I/41WuKPTQhTL._SY300_SX300_QL70_FMwebp_.jpg,https://www.amazon.in/AmazonBasics-Extension-Cable-2-Pack-Female/dp/B00NH13Q8W/ref=sr_1_233?qid=1672909135&s=electronics&sr=1-233,501.0,0.62625,Low,Computers&Accessories,17.56012675274549,4.458146534948953,78.7037293698964,80.07934881077774,0,Best Deals
B00NH11PEY,"AmazonBasics USB 2.0 - A-Male to A-Female Extension Cable for Personal Computer, Printer (Black, 9.8 Feet/3 Meters)",Computers&Accessories|Accessories&Peripherals|Cables&Accessories|Cables|USBCables,199.0,750.0,73,4.5,74976.0,"One 9.8-foot-long (3 meters) USB 2.0 A-Male to A-Female high-speed extension cable|Extends your USB connection to your computer by 9.8 feet; for use with printers, cameras, mice, keyboards and other USB computer peripherals|Constructed with corrosion-resistant, gold-plated connectors for optimal signal clarity and shielding to minimize interference|Features shielding that provides protection against noise from electromagnetic and radio-frequency signals, keeping your signal clear with less loss of bandwidth for higher performance|Typically, the Male A connector plugs into your computer and the Female A connects to the cable you need extended|1 year limited warranty","AGBX233C7B7D7YZEL7ZLFWMQKFDQ,AFKSU4D3IE4KNDBVVBEA3AHDD2YQ,AHJK4PVBRGDX4N5LYA4EKHULJOPQ,AFW6NV5N3FUXV3CNUACPSYC5AB3Q,AGOCMOZJWGI5VHFT2RZLTQFZLKPQ,AGX3GCRGFU4IHAJZRUP655EEGSQA,AEG5JOZOUBWEAZOGQQR6YDVPTL6A,AGUQYXAUPX5VOWYZTIWXMUIGVGCQ","Pravin Kumar,Maestrov,rag,Mukundha2good,Amazon_Shopper,Sonic,Pratap,Amazon Customer","R1C8MVU3EIX56Y,R10RUXC7JD5S4I,R1AFBZ5PYTHO1Z,R3GQL7YKAFJMEN,R3B6H5JPG134KN,RUG04XHXRXK95,R2Q1OYOIJI5673,RJX2WGB0X99SY","Nice,good,Paisa vassol,Sturdy and long.,Good for the price and great quality.,Works as expected,Good,Good","Sufficient length,excellent build quality ,good alternative to generic cables,Strong cable, the cable ends are nearly like rubber. GOLD coated. Cable is also of high thickness.,Why I bought this ?I have DVR rack, for DVR which is far above the reach limit hence I need a mouse to be connected to the USB port of the DVR which is in the rack above reachAny alternatives?Wireless mouse didn't work well with my particular DVR, had lots of lag,  hence I had to resort to a USB port extender with ample lengthResult :Very sturdy cable able to connect to my DVR and connection is stable .Amazon basics is very reliable.,This cable is good for any device that needs extension over USB 2.0 like printers, TVs, gaming consoles, keyboards etc.The build quality is good. Cable material is soft so it will not break. Connectors are gold plated and will not rust.But remember, this cable will not give USB 3.0 speeds even if you connect it to a USB 3.0 port.,For Usb 2.0 , any usb 3.0 if used will behave as usb 2.0Type: ADirection: female to maleFunction: extension of length of usbBuilt: average  not cloth/fibre braiderLength: as mentionedWorks for all connections: yes [including pc\printer\console pen drive etc ],Product is as per description,Good as expected.",https://m.media-amazon.com/images/W/WEBP_402378-T2/images/I/41Fqm0bR7PL._SX300_SY300_QL70_FMwebp_.jpg,https://www.amazon.in/AmazonBasics-Extension-Cable-Male-Female/dp/B00NH11PEY/ref=sr_1_34?qid=1672909125&s=electronics&sr=1-34,551.0,0.7346666666666667,Very Low,Computers&Accessories,17.559892545898688,4.458146034639767,78.70368572888312,86.51364182136241,0,Best Deals
B00NH11PEY,"AmazonBasics USB 2.0 - A-Male to A-Female Extension Cable for Personal Computer, Printer (Black, 9.8 Feet/3 Meters)",Computers&Accessories|Accessories&Peripherals|Cables&Accessories|Cables|USBCables,199.0,750.0,73,4.5,74976.0,"One 9.8-foot-long (3 meters) USB 2.0 A-Male to A-Female high-speed extension cable|Extends your USB connection to your computer by 9.8 feet; for use with printers, cameras, mice, keyboards and other USB computer peripherals|Constructed with corrosion-resistant, gold-plated connectors for optimal signal clarity and shielding to minimize interference|Features shielding that provides protection against noise from electromagnetic and radio-frequency signals, keeping your signal clear with less loss of bandwidth for higher performance|Typically, the Male A connector plugs into your computer and the Female A connects to the cable you need extended|1 year limited warranty","AGBX233C7B7D7YZEL7ZLFWMQKFDQ,AFKSU4D3IE4KNDBVVBEA3AHDD2YQ,AHJK4PVBRGDX4N5LYA4EKHULJOPQ,AFW6NV5N3FUXV3CNUACPSYC5AB3Q,AGOCMOZJWGI5VHFT2RZLTQFZLKPQ,AGX3GCRGFU4IHAJZRUP655EEGSQA,AEG5JOZOUBWEAZOGQQR6YDVPTL6A,AGUQYXAUPX5VOWYZTIWXMUIGVGCQ","Pravin Kumar,Maestrov,rag,Mukundha2good,Amazon_Shopper,Sonic,Pratap,Amazon Customer","R1C8MVU3EIX56Y,R10RUXC7JD5S4I,R1AFBZ5PYTHO1Z,R3GQL7YKAFJMEN,R3B6H5JPG134KN,RUG04XHXRXK95,R2Q1OYOIJI5673,RJX2WGB0X99SY","Nice,good,Paisa vassol,Sturdy and long.,Good for the price and great quality.,Works as expected,Good,Good","Sufficient length,excellent build quality ,good alternative to generic cables,Strong cable, the cable ends are nearly like rubber. GOLD coated. Cable is also of high thickness.,Why I bought this ?I have DVR rack, for DVR which is far above the reach limit hence I need a mouse to be connected to the USB port of the DVR which is in the rack above reachAny alternatives?Wireless mouse didn't work well with my particular DVR, had lots of lag,  hence I had to resort to a USB port extender with ample lengthResult :Very sturdy cable able to connect to my DVR and connection is stable .Amazon basics is very reliable.,This cable is good for any device that needs extension over USB 2.0 like printers, TVs, gaming consoles, keyboards etc.The build quality is good. Cable material is soft so it will not break. Connectors are gold plated and will not rust.But remember, this cable will not give USB 3.0 speeds even if you connect it to a USB 3.0 port.,For Usb 2.0 , any usb 3.0 if used will behave as usb 2.0Type: ADirection: female to maleFunction: extension of length of usbBuilt: average  not cloth/fibre braiderLength: as mentionedWorks for all connections: yes [including pc\printer\console pen drive etc ],Product is as per description,Good as expected.",https://m.media-amazon.com/images/W/WEBP_402378-T1/images/I/41Fqm0bR7PL._SX300_SY300_QL70_FMwebp_.jpg,https://www.amazon.in/AmazonBasics-Extension-Cable-Male-Female/dp/B00NH11PEY/ref=sr_1_239?qid=1672903006&s=computers&sr=1-239,551.0,0.7346666666666667,Very Low,Computers&Accessories,17.559892545898688,4.458146034639767,78.70368572888312,86.51364182136241,0,Best Deals
B004IO5BMQ,"Logitech M235 Wireless Mouse, 1000 DPI Optical Tracking, 12 Month Life Battery, Compatible with Windows, Mac, Chromebook/PC/Laptop","Computers&Accessories|Accessories&Peripherals|Keyboards,Mice&InputDevices|Mice",699.0,995.0,30,4.5,54405.0,"You can surf the Web with more comfort and ease‚Äîthanks to the contoured design with soft rubber grips. And your mouse is easy to slip into a bag when you want to take it with you.|You‚Äôll enjoy smooth cursor control, precise tracking and easy text selection on the surfaces where you use your computer most.|The tiny Unifying receiver connects up to six Unifying-compatible devices with a powerful, reliable wireless connection (up to 25 meters).|You can go a full year without battery hassles. The On/Off switch helps conserve power, smart sleep mode extends battery life and an indicator light eliminates surprises.|You get a mouse you can count on with the high quality and reliability that have made Logitech the global leader for mice‚Äîplus a three-year limited hardware warranty.","AGIOL4B6EPMZ63RZQFWZWI33O2EA,AG33OJYQIXPPS7CONXFHC5GEYEQQ,AEGA5UJCOTFHN4JW6PDCIHQGYTEA,AFQM22ZZXTGUTLGC7WE4BVLEZW7A,AHNW7DHVU2D3PR2CDGHWALCLXWPQ,AFEVDY2YG3NENBI47RFAXQ7ZEEBA,AGMFAVIBZTCLSNBIEME5SBNPIQ4A,AEWIIDMBKGRGGXGMHUDHSJRSYABQ","Chandrashekar SK,Mohammed Ashfaque,Arif Hussain,wiki,A B singh,dr.parimal ranajan de,Harsh Mistry,Naresh","R28ZB0YUM6FKKB,RNB44LXBJIPTL,RVSWATRY0CJIV,R3IJ7R6T1XNRDW,RDC2ZTQAO2XXC,R1RFN16MM6BMUM,R2O8DIRX6ME9HQ,R50QNWM2SDL2V","Good silent mouse,Too small to hold!,Reviewing after 8 months of with battery backup review,Its very small  do take note of that,** Nice product,Good product,Good Buy for normal use in office,Stylish mouse","It's little small for big hands. But best available in the market.,Good product, but too smaller than the regular one!,Hello everyone,I bought this Mouse in April 2022, so after 8 months of use, I'm writing this review.Battery (the most important one): 10/10 - It came with a single AA-sized battery (Clock battery) that worked from 1st April -  10th December which is more than 8 months.  Even though my usage was heavy (6 hours average per day) in a corporate job day of 9 hours.Look 7/10-  Amazing with beautiful curves. Though battery closing pane could have been better.USB transmitter: 9/10 - It's normal and can be carried inside the battery cavity.Switch: 5/10 - On/OFF switch is not handy, you need a long nail to switch it ON/off but is strong enough to resist a hard stroke when you force it to off with your nailless fingers.Precision and laser: 10/10: Precision is just what most mouses have which is accurate and the Laser is invisible (No annoying light in the bottom).Buttons: 7/10 - Buttons produce a slight noise on click and after a long usage the Left button is shaking slightly.Overall ratings: 9/10The main reason for you to buy this: Its battery efficiency, it will cost you only 12 INR  for 8 months.,Its very small and it trouble for my hand which is considerably smaller than other people it do fit nicely in 10 year old nephew but now mine but no complains works great from far distance  so its good there its should be sold for 400/ only its slighly over priced,Nice mouse.Easy to holdWorking very smooth and fast, response time is very good.,Good durable product,Its a great mouse under this price for normal office use, it would have been much better if it had silent clicks!!!!!,Working well so far.",https://m.media-amazon.com/images/I/31CtVvtFt+L._SY300_SX300_.jpg,https://www.amazon.in/Logitech-M235-Wireless-Mouse-Grey/dp/B004IO5BMQ/ref=sr_1_163?qid=1672903002&s=computers&sr=1-163,296.0,0.2974874371859296,Medium,Computers&Accessories,12.742023500315009,4.444497959187825,77.51319021453875,58.810261874822075,0,Best Deals
B08ZJDWTJ1,"Seagate Expansion 1TB External HDD - USB 3.0 for Windows and Mac with 3 yr Data Recovery Services, Portable Hard Drive (STKM1000400)",Computers&Accessories|ExternalDevices&DataStorage|ExternalHardDisks,4098.0,4999.0,18,4.5,50810.0,"Digital Storage Capacity - 1TB; Get an extra layer of protection for your data with the included 3 year Rescue Data Recovery Services|Form Factor - 2.5 Inches, Hardware Interface - USB 3.0, Drive RPM - 5400|Password protected - No; Sleek and simple portable drive design for taking photos, movies, music, and more on-the-go|Automatic recognition of Windows and Mac computers for simple setup (Reformatting required for use with Time Machine)|Drag-and-drop file saving|USB 3.0 powered","AFWREBMJRX47V7TJD5E7VUBKZY3Q,AFKUWB5DABB7DVVRNJADCSDKFJ5Q,AGCKABAFBXEB4DLQSVS2YPRFULZA,AEWO5MXEBFN3PMJAXYAUXB4OMBOA,AGBNLIOKIT72A2TBLG6A35XUEIMQ,AGDC3KZSQJMQL3GNEEMOIZRKXUAQ,AENODPH3RWTEZMADDI7ZXXD5UBLQ,AGGJWLZDECN7FGJ45NLF4JOUE27A","Pallavi Varur,Amitasap,PRADEEP,Karma,JASWANTSINGH,Suhasini Muppidi,Atesham,Arun Kumar","R2BYIBOB1SJCU5,R27XI4KBBS4CO0,RNDLXV8UJZSO,R1HOQAPL2PXKNX,R3DZGHPLQSWOLO,R37YZ6CK8TNTM4,R3KPNR16XZW0ZH,R28BCVQ1MKZP7S","Good,gud,Hard disk,Good product,Serve the purpose,Seagate portable 1TB External Hard disc,Good,Good use","Good one.,gud,Hard disk is good but data cable quality poor,Finalised this product after a lot of research. It works well. Go for it.,Serve the purpose,Good one,Nice product,Still at work.",https://m.media-amazon.com/images/I/41igriVLabS._SX300_SY300_QL70_FMwebp_.jpg,https://www.amazon.in/Seagate-Expansion-1TB-External-HDD/dp/B08ZJDWTJ1/ref=sr_1_44?qid=1672902996&s=computers&sr=1-44,901.0,0.1802360472094419,Very High,Computers&Accessories,11.900049886058369,4.441143907751266,77.22062272367427,49.40651478547489,0,Best Deals
B094QZLJQ6,"Seagate One Touch 2TB External HDD with Password Protection ‚Äì Black, for Windows and Mac, with 3 yr Data Recovery Services, and 4 Months Adobe CC Photography (STKY2000400)",Computers&Accessories|ExternalDevices&DataStorage|ExternalHardDisks,5799.0,7999.0,28,4.5,50273.0,"Digital Storage Capacity - 2TB; Safely and easily manage 2 TB of photos, videos, movies, and more with hardware encrypted password-protection|Form Factor - 2.5 Inches, Hardware Interface - USB 3.0, Drive RPM - 5400|Password protected - Yes; Get an extra layer of protection for your data with the included 3 year Rescue Data Recovery Services|The perfect external hard drive for Windows or Mac, simply back up files with a single click or schedule automatic daily, weekly or monthly backups. Reformatting may be required for use with Time Machine.|The perfect compliment to personal aesthetic, this portable external hard drive features a minimalist brushed metal enclosure|Edit, manage, and share photos with a four-month membership to Adobe Creative Cloud Photography plan and one-year complimentary subscription to Mylio Create.","AG7XDPNSDQFE7CPVN7ODSPVOAD4Q,AF54QC7SIVQCZ4D2KIEIC4GESBFQ,AFNCBTSEMD3A4C34GITDLZIGOSZQ,AESAFKWCY522JNXNL3GMD7K6W6KA,AEJQ7NWZITDPI44AMIPQPK7DQLCQ,AEUJXKO6WMZSLPCK7OD2FF3LV5BQ,AEH5I544J65UH4UBNRET43YVAXOQ,AHVWI4H6HLGS3KQDKNQWF2HFGEUA","Amazon Customer,Jayesh B.,Sunil,Kaling246,biswaboka,prabhakar,Shekhar saini,Mohsin chouhan","R2X0Z7BS12ZYFD,R1CZP476IRR94Y,RF43347JSIPWZ,R24SRHM43OZ36M,R3UV9O11G5O7EC,R1B2U1Q7GBEMF3,R1A1W7XEE0YP4V,R15MT5JTR5BOXS","sometimes writes are little slow, otherwise fine,great product,Worth 100%,The only thing I was being deprived of was it's color.Instead of blue,I got a grey one.,Good product,Good product,Not with password and mailio softwares  this product not work properly,In the what u expect go for it ....","sometimes writes are little slow, otherwise fine. light weight and very easy to carry. Good product.,great product,one of the finest External hard drives at this price and features and protected...,https://m.media-amazon.com/images/I/71jy6bO7YqL._SY88.jpg,Good product but Price should be little less,Light weight,All condition are well but sofftware are not in built . Uncompleted this product,Best i get.. in the segment... Next is depend on performance",https://m.media-amazon.com/images/I/41BWhztt6EL._SX300_SY300_QL70_FMwebp_.jpg,https://www.amazon.in/Seagate-Touch-External-Password-Protection/dp/B094QZLJQ6/ref=sr_1_252?qid=1672903007&s=computers&sr=1-252,2200.0,0.2750343792974122,Very High,Computers&Accessories,11.77428080932518,4.440607783203962,77.17385760496262,54.9166374839404,0,Best Deals
B01HJI0FS2,"Dell MS116 1000Dpi USB Wired Optical Mouse, Led Tracking, Scrolling Wheel, Plug and Play.","Computers&Accessories|Accessories&Peripherals|Keyboards,Mice&InputDevices|Mice",299.0,650.0,54,4.5,33176.0,"Movement Detection: Optical, Resolution : 1000dpi;Cable Length : 1.8 meter, Interface Type : USB|Colour : Black, Weight : 413 Grams|Great Aesthetics, Usage ideal for office, education sectors, designing, basic gaming etc|Comfortable for use in longer periods with performance; Warranty : 3 Year|Hardware Platform: Pc","AH5ZFNLZLJW24YKDQMDHCWGT3MLA,AETSU7SDMZB4653PYWJ54WIPTYJA,AE3XDACOGNEPOGDQHEDJWR4R3JBA,AGLYWTUJ7XAWSKGMRXZEMUHNN3QA,AGAPGK7QBUJDHYEHVEZIJSSU6RXQ,AGJ2FLVYPLUMJGSB434XS3BTEU7A,AFPDB7JSVPNWJT6KF53C3O5ORJQA,AH3M2HOCS7VMTXCOYYI2AKZTFQDA","Mohammad Noushad,Ramkumar.R,Sreeram,Gs7,Dongay Rajasekhar Panda,Ritesh,Rahul Bangera,Vismay","R2K3IBMM9I3HQH,RL1H11C1J4W4U,R26GYIVCHR44IY,R2X4UKYY57A9JX,R3J71TYH2ISEUY,R3EX53W4D2TLR9,REY9RHIDKB28T,R2IYAMOBWJY5JC","Big in size as comparison to other normal sized mouse but works very well,Good for office uses,worth the buy,Best mouse at this price,Item is good.  No issues,It's really worthwhile,Good for home or office use,Rough and affordable","I'm using this mouse from more than 6 months now and It's working great.but the only problem I faced is the big size of it.It looks like the old ball mouse which is quite big in size.Good for gaming by the way.,Working good,by far the best mouse I've used (writing this after 3 days). suits well for daily use; could be a tad bit bigger ...,Been using this mouse for the last 4 years both in office and at home. Suits my hand the best, tried some gaming mouse at 500-800 range but the feel is not good and my wrist starts to hurt on those cheap mice. This one is the father of all mice in that sense as it ticks all the boxes for me. Obviously you cant expect some god like gaming performance but its decent and for everything else it's the best.,Item is good.  No issues,It's Really worthwhile,A bit short in height, clicks and scroll good for home and office use,Easy to use. Rough. Lasts for 4 years+. Affordable.",https://m.media-amazon.com/images/I/31z5b7RYc2L._SX300_SY300_QL70_FMwebp_.jpg,https://www.amazon.in/Dell-MS116-1000DPI-Wired-Optical/dp/B01HJI0FS2/ref=sr_1_31?qid=1672902996&s=computers&sr=1-31,351.0,0.54,Low,Computers&Accessories,7.770046349534983,4.4163472676512505,75.05765924110638,74.33466795971391,0,Best Deals
B07Q4QV1DL,"ELV Aluminum Adjustable Mobile Phone Foldable Tabletop Stand Dock Mount for All Smartphones, Tabs, Kindle, iPad (Black)",Electronics|Mobiles&Accessories|MobileAccessories|Stands,269.0,1499.0,82,4.5,28978.0,"Multi-angle adjustable stand: Free rotation of 270 degree viewing angle ensure the perfect angle of view and enhance the audio/video experience|Stylish design: Durable aluminum body, with a sturdy construction, can hold your phone steadily|Enjoy life: It's convenient to cook meals when you learn cooking through video teaching, without worrying about soiling the smartphones|Anti-slip pad: The anti-slip pad works perfect to keep your devices in place while in use and prevent from daily scratches and sliding|Fully foldable: ELV cell phone stand for desk can be fully folded to pocket-size, which will save you plenty of space and make it easy to carry anywhere; Very convenient for daily life|1 Year Manufacturing Warranty|Country of Origin: India","AGGXWYRLPMULBPR7OXPEV6SNOMIQ,AHBKNSJNHRF22KZYCFRN4CQJG3EA,AELCNLLIFS2RDDTYTLT4KXJRIG5A,AHHS23JALEPKBIT7NAIJDAW3U5NA,AE4ECIOVJONHQF4A4G4GYNVQNPZQ,AHRWF3BGXKDJ4HR7NMPSC4BBMM6Q,AFJ7OTPT4MWWC3XXZCYYKIXEXFGA,AHU2SCYTK66DFVXSMANJZRT2LPKA","Shaik John Saida,Nilay Kambli,Amazon Customer,Harsh Kumar Shrivastava,Tamzid Hasa Dipu,Yatin,Arty,Anoop Chandran","R35G82LMN1P1V4,R2R9TCZMPRU2,R2IJXSRMFCQGXD,R3AZ1FCTLW335M,RQR59DAFHW3WV,R1Z1QLVITW84J4,R2YQHZ0LLWV1HI,RSC0FWSR0TQTI","Good one,Almost perfect,Go for it,Good product,It's folding system is good,Very good product,Great stand sturdy and good quality,Good quality","Good quality. Can buy if it‚Äôs price is below 250,,Good product  but little expensive,Good product, holds mobile and mediumsize Tab.,A little costly,Very nicely designed mobile holder with good quality. The best that I have purchased so far.  Go for it.,The package arrived a days early and it is a great product for the price it‚Äôs is Very  sturdyAnd looks of good quality,Excellent product, good build quality, bigger compared to similar products.",https://m.media-amazon.com/images/I/31hDWwY8iWL._SX300_SY300_QL70_ML2_.jpg,https://www.amazon.in/Aluminum-Adjustable-Mobile-Foldable-Smartphones/dp/B07Q4QV1DL/ref=sr_1_149?qid=1672895791&s=electronics&sr=1-149,1230.0,0.8205470313542361,Very Low,Electronics,6.786846006656158,4.407021715820523,74.24420919370884,92.22240267139996,0,Best Deals
B088ZFJY82,"Elv Aluminium Adjustable Mobile Phone Foldable Holder Tabletop Stand Dock Mount for All Smartphones, Tabs, Kindle, iPad (Moonlight Silver)",Electronics|Mobiles&Accessories|MobileAccessories|Stands,314.0,1499.0,79,4.5,28978.0,"Multi-angle adjustable stand: Free rotation of 270 degree viewing angle ensure the perfect angle of view and enhance the audio/video experience|Stylish design: Durable aluminum body, with a sturdy construction, can hold your phone steadily|Enjoy life: It's convenient to cook meals when you learn cooking through video teaching, without worrying about soiling the smartphones|Anti-slip pad: The anti-slip pad works perfect to keep your devices in place while in use and prevent from daily scratches and sliding|Fully foldable: ELV cell phone stand for desk can be fully folded to pocket-size, which will save you plenty of space and make it easy to carry anywhere; Very convenient for daily life|1 year warranty provided by the manufacturer from date of purchase","AGGXWYRLPMULBPR7OXPEV6SNOMIQ,AHBKNSJNHRF22KZYCFRN4CQJG3EA,AELCNLLIFS2RDDTYTLT4KXJRIG5A,AHHS23JALEPKBIT7NAIJDAW3U5NA,AE4ECIOVJONHQF4A4G4GYNVQNPZQ,AHRWF3BGXKDJ4HR7NMPSC4BBMM6Q,AFJ7OTPT4MWWC3XXZCYYKIXEXFGA,AHU2SCYTK66DFVXSMANJZRT2LPKA","Shaik John Saida,Nilay Kambli,Amazon Customer,Harsh Kumar Shrivastava,Tamzid Hasa Dipu,Yatin,Arty,Anoop Chandran","R35G82LMN1P1V4,R2R9TCZMPRU2,R2IJXSRMFCQGXD,R3AZ1FCTLW335M,RQR59DAFHW3WV,R1Z1QLVITW84J4,R2YQHZ0LLWV1HI,RSC0FWSR0TQTI","Good one,Almost perfect,Go for it,Good product,It's folding system is good,Very good product,Great stand sturdy and good quality,Good quality","Good quality. Can buy if it‚Äôs price is below 250,,Good product  but little expensive,Good product, holds mobile and mediumsize Tab.,A little costly,Very nicely designed mobile holder with good quality. The best that I have purchased so far.  Go for it.,The package arrived a days early and it is a great product for the price it‚Äôs is Very  sturdyAnd looks of good quality,Excellent product, good build quality, bigger compared to similar products.",https://m.media-amazon.com/images/I/41pmcRIe45L._SX300_SY300_QL70_ML2_.jpg,https://www.amazon.in/Aluminium-Adjustable-Mobile-Foldable-Smartphones/dp/B088ZFJY82/ref=sr_1_493?qid=1672895894&s=electronics&sr=1-493,1185.0,0.790527018012008,Low,Electronics,6.786846006656158,4.407021715820523,74.24420919370884,90.2844176251475,0,Best Deals
B014SZO90Y,"Duracell Ultra Alkaline AA Battery, 8 Pcs",Electronics|GeneralPurposeBatteries&BatteryChargers|DisposableBatteries,266.0,315.0,16,4.5,28030.0,"Lasts up to 100% longer* (*Longevity performance compared to the Minimum Average Duration of the 2015 IEC AA Digital Camera test. Results may vary by device or usage pattern.)|Our best battery, suited for everyday devices with extra performance for high drain devices|Available in AAA, AA, C, D and 9V sizes|Superior Nylon top closure helps preventing our batteries from leakage|Duralock technology keeps unused Duracell batteries fresh and powered for up to 10 years in ambient storage","AF37SWB5BJAXD6F2Q74M6HJIHADA,AFP7XI3X4GGJVQCYYPJZ3Y3KZJFA,AFC5CQXBCJCOU4VWPCMLLQV5NJRA,AF5L22PGGUCE6JRZN7Q6CZJMMH5A,AEZQUPHUINOCTERMXT3HOTVPLYGQ,AGLYWTUJ7XAWSKGMRXZEMUHNN3QA,AF2GJR4HSNPC5E7MMHUMDK5QR4PA,AHR6Y7I727FA6UYUHTZYNGOGDV2A","Gopinathan,Punaram Chutia,Amazon Customer,SREEJITH R B,S.S.Sohi,Gs7,Manish Liya,Anna","R31X4I2TGYDUN8,R27PTCIK04AE46,R23U630I51IZTI,R3TLR3XSHP0UH9,R2RP5UV7LX3QTF,R3W3H7WY3GXGHM,R158W5SZQQ5YSS,R1OT133BOUEYND","That's a nice one,Best services.,V good less price than that of market,As described,Value for money,Best battery cells out there,Quality yu,Good","Nice one, tried on remote mouse and found working fine.,Good product, good services.,V good,As described Duracell battery good one,For AC Remotes,The life on these is excellent, been using these for my controllers for gaming and these are the best. Lasts long and does its job. What else do you need.,Good Quality,Loved the product",https://m.media-amazon.com/images/W/WEBP_402378-T2/images/I/415nVOD7bWL._SX300_SY300_QL70_FMwebp_.jpg,https://www.amazon.in/Duracell-Alkaline-Battery-Duralock-Technology/dp/B014SZO90Y/ref=sr_1_34?qid=1672902996&s=computers&sr=1-34,49.0,0.15555555555555556,Very Low,Electronics,6.564817915886953,4.404620589852042,74.03476356857892,50.09628252554729,0,Best Deals
B08C4Z69LN,Crucial RAM 8GB DDR4 3200MHz CL22 (or 2933MHz or 2666MHz) Laptop Memory CT8G4SFRA32A,Computers&Accessories|Components|Memory,1792.0,3500.0,49,4.5,26194.0,"Improve your system's responsiveness, run apps faster and multitask with ease. Extended timings - 22-22-22|Install with ease; no computer skills required How-to guides available at Crucial|Compatibility assurance when using the Crucial System Scanner or Crucial Advisor Tool|Micron quality and reliability is backed by superior component and module level testing and 42 years of memory expertise|ECC Type Non-ECC, Form Factor SODIMM, Pin Count 260-pin, PC Speed PC4-25600, Voltage 12V, Rank and Configuration 1Rx16, 1Rx8 or 2Rx8.NOTE: DRAM modules require configuration to specific systems","AHT3PNU446CPE3MJRLGDF5V2R5EA,AFM4NVMFZR7V3YHD54FEHQXFQBXA,AFZEG6L4GPWPLCNRA727ERKMBPBA,AF6ZV6WLSN2HCC3XHTVHZOMRRZ3Q,AEIRWUG67FDIYGZLFOLIOT3LAZ4A,AH67GVYCB2QS6CIQIZ7IFYKSMXCQ,AF7V4J7TH7SIZBZW2ZKS56QML76A,AGNGKPDG2KXIZC5EXKPKSBJTSBNQ","Riz,Akshat Nehra,Kishan Patel,Saurav Jha,Nilesh Raj,Kasper Nabam,Vineet Kumar,Peeyoosh Kumar","R3KX3LZE5DF03I,R2PFGVPB5LCT72,RMB267WFB3JDM,R2CRRWR0OSA7BG,R1EUG815WO4EYL,R1UKGB5AFT0U5N,RYLJRVXKJQYQE,R3JP9UQ5V9B751","FPS increased in games after installing it üòç,Worst Experience turned great,Very good product,Really increase performance,8gb ram r*8,It Worked,Good ram at good price.,Good RAM","I installed it in my ASUS TUF FX505DT and i use it for gaming earlier it have 8gb RAM after installing it total RAM is 16gb and fps in game increased i am satisfied from this product ü•∞,I received a defective piece. I already check my laptop before purchasing that which ram would be compatible and is my laptop really supports upgrading. After thorough research, I purchased this RAM.When I tried installing it, my laptop showed a blank screen. I tried switching ports on both the rams (pre-installed and crucial). But my laptop was working with the pre installed and was not with crucial one. I tried all possible combinations and it was apparent that the ram I received was defective.I head straight to replace the product but there was no option for that. No return option as well. I only had one option to contact the customer care so, I contacted them and explained the issue in detail. They asked me to hold and connected me to an so called expert. The expert did not ask me anything just asked me to upload a picture that I already did. Then so called expert asked me to upload the picture on the link that she would be sharing, which I never received. I even tried rating but thanks to the amazon iOS app even that was not possible coz there was no scroll bar on the rating tab. I do not know whether I would receive any support or not but this was a pathetic experience and I had never expected this from amazon. It would be an end for this 8+ years old bond with amazon if I would not receive any support on this.I will update this if I receive some help!Issue fixed after struggling 4 days. But RAM is great!,Its better to install it with SSD. I felt very good performance uplift in my laptop after installing both SSD & this 8 GB ram.,My laptop had 8GB ram before I ordered crucial DDR4 8gb Sodimm RAM and it's really increase multi-task, my coding experience also increase, Android Studio Take less time than before, Still I didn't play any game yet..But I will update you when I play any game in future,First of all let me clear any confusion for other buyer , it's r*8 ram which i received clearly mentioned on the ram sticker 8gb operating at 3200mhz ,If your existing ram in your laptop is operating less then 3200mhz it will automatically reduce its MHz to default (the ram which alredy installed in your laptop) .,Initially I doubted coz i dnt have much idea about all these electronic but after watching YouTube videos I finally installed it and it worked.My Laptop Aspire A5 with 4gb installed ram, now it is 8+4=12 gb.Lets c if my laptok gives good performance.,Good ram on a good price .It's a dual ranked 3200 mhz ram.Many say that you can't use a 8 gb and 16 gb in dual channel mode but believe me u can.If u don't know about ur system configuration then before buying just scan with crusial scanner.,Good RAM with decent price, easy to install and so far performance looks good. Have to test it during gaming. But so far so good.",https://m.media-amazon.com/images/W/WEBP_402378-T2/images/I/51esjcOy79L._SY300_SX300_QL70_FMwebp_.jpg,https://www.amazon.in/Crucial-PC4-25600-SODIMM-260-Pin-Memory/dp/B08C4Z69LN/ref=sr_1_210?qid=1672903005&s=computers&sr=1-210,1708.0,0.488,High,Computers&Accessories,6.134814145156719,4.3995990662456155,73.5967456700352,70.37705629040829,0,Best Deals
B01MQ2A86A,"Logitech M331 Silent Plus Wireless Mouse, 2.4GHz with USB Nano Receiver, 1000 DPI Optical Tracking, 3 Buttons, 24 Month Life Battery, PC/Mac/Laptop - Black","Computers&Accessories|Accessories&Peripherals|Keyboards,Mice&InputDevices|Mice",1295.0,1645.0,21,4.6,12375.0,"Quieter Click: Logitech‚Äôs SilentTouch Technology reduces over 90 percent (1) of clicking sounds while ensuring top performance, meaning you can feel every single click but hear virtually nothing.;Crafted for Comfort: With contoured grips made of soft rubber, the noiseless M330 SILENT PLUS mouse is built to give great comfort to right-handed users.|Long Life: This cordless mouse has a 24-month battery life (2), and automatically switches to sleep mode when not in use, allowing you to focus on your work without the hassle of changing batteries.;Advanced Optical Tracking: With a wireless range of up to 33 ft (3), this quiet computer mouse provides high-performance precision and smart cursor control on most surfaces.|Plug and Play: Plug the USB mini-receiver into your Windows, Mac, Chrome, OS, or Linux computer and forget about it;you can even add more compatible wireless devices without using multiple USB ports.|Compatible with Chromebook: This product is tested and certified as Works With Chromebook (4), which means it meets Google‚Äôs compatibility standards and works seamlessly with your Chromebook.;Upgrade to Logitech M590 Silent Wireless Mouse: Increase productivity with M590's USB/Bluetooth connectivity, multi-device functionality, horizontal scrolling, and 6 customizable buttons.|Hardware Platform: Windows 8;Operating System: Chrome Oslinux","AE6TTPY5R4YW3XHTPGX6CGHLMVGA,AG5CBSM4UJ7KPPFIQGZPIXASGR2Q,AHM4EBIS4ZE6DWJJBGCJ7OPTBA4Q,AE5M5KSBCHDULWFU2S2YB7JAWQDQ,AGMVFFHVHR6DRCMJOOLWQCN5ZXIQ,AECKGXUASU4IXEIMUNT2ZGT47JPQ,AHJVTASYJSVOZ7XSEMDCWOK3X44Q,AGWG3P5XN6X6JHXKXXOK67JWZRXA","Awesome Shopper,Suresh madaka,Amazon Customer,Nilsankar,Amazon Customer,Praveen Behara,Amit,Aniruddha Shriwant","R17S7JVWFH1X6W,R1HINIS5AG6PXD,R3VZFLZVFVZ13G,R15TQGQAAQ9BO6,R1ESBYDNXT6O96,R1GSE3A3Y8JFOQ,R1UNAIG317Z7UH,RVYEL8OR4M003","Good but the scroll is now damaged,Nice,Noiseless...,It's a good one,Good.,Satisfied,Simply Superb !,Scroll wheel stopped working in 3 months","- excellent piece of wireless mouse- reasonable price and worth every penny- one problem i faced is the scroll stopped working now,Performance is good and very silent üê≠üê≠üê≠,Good mouse....cursor movement is good....click is literally noiseless....size could have been a little big...overall good,It's a good one.Like : Very soft to hand. No clicking sound. Very favorable for IT Guys who wants quiet environment.For size of the Mouse, Neither too small nor very big in hand.Dislike: You can consider it very less. As it is a very soft to hand, care in uses must be taken.,Good.,I got this mouse because sometimes it is easy and conserves space. Also, I wanted to be a bit away from my laptop screen. Please note, that it is best if you buy even a wireless keyboard, then you are truly away. I bought this for 1200.,This is a very good wireless mouse, works seamlessly, fits superb on your hand and is simple plug and play. The grip on the hand is amazing, and the size is just right for everything from simple browsing to playing the game. Mouse is sensitive on any surface and doesn't require a pad, i use it on the bed without any issue. Just go for it.,giving five stars so that you could notice it",https://m.media-amazon.com/images/W/WEBP_402378-T2/images/I/31+Svp6IjpL._SY300_SX300_.jpg,https://www.amazon.in/Logitech-Silent-Wireless-Mouse-Black/dp/B01MQ2A86A/ref=sr_1_333?qid=1672903011&s=computers&sr=1-333,350.0,0.2127659574468085,High,Computers&Accessories,2.8983097291866233,4.392477422889333,72.97553834301908,52.75974787216301,0,Best Deals
B083GKDRKR,"Havells Aqua Plus 1.2 litre Double Wall Kettle / 304 Stainless Steel Inner Body / Cool touch outer body / Wider mouth/ 2 Year warranty (Black, 1500 Watt)",Home&Kitchen|Kitchen&HomeAppliances|SmallKitchenAppliances|Kettles&HotWaterDispensers|ElectricKettles,1625.0,2995.0,46,4.5,23484.0,"Auto shut off function|Integrated stainless steel function. 360¬∞ Cordless Kettle|304 stainless steel interior with no plastic|Energy saving, cool touch outer body with no scalding hazard|Wide mouth for ease filling, pouring and cleanin","AE42ODBABKBHKRL2PW5XSBEB2IWQ,AFZVZZKBT4ICJLQIMTJ2ZK44UMIQ,AHZDTJJ7PM3GN33LCJB2YWN4QCZA,AEZ25F4GGF4YOFE6XLJ2SN6TNRGQ,AECUHYUPESWI2DB5JMEZQF77VWOA,AEJJNCWMRDOBBFSPLRZQ6BPGI3OA,AFK3PX2HPROWVOD27NFYCUDWKRGQ,AG67OUXW2WVTJESMZA7F2RPZXWGQ","neeraj vashisht,Krunal Golwala,Sangeeta Yadav,Amazon Customer,koustav,ompal singh,Sunil,A truly Amazonian","R28QM0P3RHPNCA,R2C7MCJCGZE9XH,RBX2T333MBFDW,RGOII6UHDBYOT,RDVZX2VNEXWBJ,RIIJNBY14TAEF,RNHUBO94L9NVZ,R2E1X7DV8KUF1D","Good product,Good Product,Very easy to use but my mom wanted a transparent one,Very good product,4 on 5,overall good,Nice,Elegant & Sturdy!","Good product,The product is good if offer is applied.,Like the way it looks,Very good produce, quality is really good. we've been using this from last 8 months, works perfectly fine.,We've been using it for 2 years and there's no issues yet. We have carried along with us for travelling as I have a small baby. And u need to boil water every now and then. I not only use it for boiling water. We make tea/coffee, boiled egg, boiled apple and also Maggie while travelling üôÇ One star deducted because of the length of the chord.,wire short,Nice,It's awesome!Much more than expected. üëçüèºSo elegant and sturdy... Performance is too good... Functionality is great. I loved the size... neither small nor big... It's very suitable and convenient to our family need. Easy to use and carry. This is my first day review after receiving... but I can assess the quality, as using electric kettles since years... Thanks Havells & Amazon ‚ù§Ô∏è",https://m.media-amazon.com/images/I/31S74o1sCSS._SY300_SX300_QL70_FMwebp_.jpg,https://www.amazon.in/HAVELLS-Kettle-Coffee-Boiler-Stainless/dp/B083GKDRKR/ref=sr_1_30?qid=1672923591&s=kitchen&sr=1-30,1370.0,0.4574290484140234,High,Home&Kitchen,5.5001135903207,4.391139505925921,72.85883440559464,68.5478575329783,0,Best Deals
B00V4BGDKU,TP-Link UE300 USB 3.0 to RJ45 Gigabit Ethernet Network Adapter - Plug and Play,Computers&Accessories|NetworkingDevices|NetworkAdapters|WirelessUSBAdapters,1099.0,1899.0,42,4.5,22420.0,"Fastest USB 3.0 and Gigabit solution ensure high-speed transfer rate|Plug and Play for Windows (11/10), Mac OS (10.9 & later versions), Chrome OS, and Linux OS.|Foldable and Portable design ideally suits your Ultrabook|In an unlikely case of product quality related issue, we may ask you to reach out to brand‚Äôs customer service support and seek resolution. We will require brand proof of issue to process replacement request.","AHQC27SWWMUOTO3W7NGIG7KPX2AQ,AH3ZNJWSAOEWIBD3NFLGHZZOOMIQ,AFAFMRV4L35642NQMP3WELYPQ6ZQ,AG6GKJFYOVO2OJCRV73FBUIBAJLQ,AEWU6OTDLIVY6F2UAY2UYYQSGOPQ,AFOPBEQ5YUOBWJ7TBDFITQFZSN3Q,AETRLRK4QNNUXN3RRQ7BWMBAFXCA,AFXO2ER7GFIH4WDPPZX6LRZX3X7Q","MOINUL H.,Jayendra Pai,Avinash kumar,Sreekanth,Piojeet,simam.mular,Sagar,Saumik Shashwat","R30SWI8U6K7PDR,R2K3WL7JFGLDI,R2WXWZRPAKQ1GP,R29PWDI4WOF8FK,R26V2X161L8NR5,R3B4VBD2NKURWM,R3A6QVJ73S0FLJ,RSP7D739UWRFL","Easy to use,Working fine - but errors while using USB and Ethernet adapter together.,Speed is just awesome go for it,Best price to buy,Awesome product,Overall good,Drains battery if you use on smartphones,Excellent product but it has 1 major and 1 minor inconvenience","Good looking amd working fine.,I brought this primarily because my Lenovo Laptop (Windows 11) has only one USB 3 port, no ethernet slot and one c-connector port.While in office immediately after purchase of this TP-Link UE330 3-Port USB Hub and Gigabit Ethernet Adapter, I used this for the ethernet connectivity to my office network.  Simultaneously I was using the USB ports in the Hub for connectivity of my wireless mouse and one port for external hard-disk.  This continuously gave me problems with connectivity of the mouse or the HDD.  I got errors like USB device not detected etc.  Till a point, where it refused to detect my mouse.At home, I used the hub for connecting only to my external HDDs (two numbers) and it is working fine.  For a moment, I was trying to return the product, but since I got this delivered in Mumbai at my Office and then I had returned home to Karnataka, it refused to process return in a different city.Right now, it is working fine, since I do not need ethernet at home.,Speed is more than wireless,I am not used since it restricted in my system.,I have used it with HP and Dell Laptop. It‚Äôs compatible with all. It‚Äôs plug and play and easy to use.,Good product,It works perfectly,A trusted and a reliable brand with a convenient design having a slot for folding the cable. It works and works well every time.However, they made 2 strange design decisions that take some points off the satisfaction of using of the product:1) There is a bright white light on the product which keeps flashing when the connection is active. It is a huge annoyance when I‚Äôm working at night.2) The cable is flat, which is like a double-edged sword. On one hand, it comes in handy when folding it on itself and redacting into the body. But when it‚Äôs not hidden and used with a laptop, with the adapter being visible, the flat cable folded sideways looks ugly.The product would‚Äôve been a perfect 5/5 if TP Link didn‚Äôt make these strange design decisions. Hope this helps. Thanks.",https://m.media-amazon.com/images/W/WEBP_402378-T1/images/I/219039qa+PL._SY300_SX300_.jpg,https://www.amazon.in/TP-Link-TL-UE300-Gigabit-Ethernet-Network/dp/B00V4BGDKU/ref=sr_1_110?qid=1672909129&s=electronics&sr=1-110,800.0,0.421274354923644,Medium,Computers&Accessories,5.2509175053223505,4.387415051094452,72.5339573351348,66.26457919418554,0,Best Deals
